VWR_product_category,VWR_product_sub_category,VWR_product_id,VWR_product_name,VWR_product_quantity,VWR_product_price,VWR_product_url,VWR_image_url,VWR_product_desc
Adhesion Testers,NA,MSPP-PA2000180,"Peel Adhesive Testing Machine, 180° Peel adhesive testing machine, 180°",1,"$14,192.31",https://us.vwr.com/store/product/45339881/peel-adhesive-testing-machine-180,https://us.vwr.com/supplier/smallweb/ImageUnavailable.jpg,Description: Get precision measurements for 180° peel tests with the ChemInstruments 180° peel adhesive testing machine. The tester runs at varying speeds for adde...
Adhesives,NA,470021-054,Herbarium Paste,1,$21.95,https://us.vwr.com/store/product/8876764/herbarium-paste,https://us.vwr.com/stibo/smallweb/std.lang.all/68/64/10246864.jpg,Description: Specially formulated to adhere plant specimens to mounting sheets.
Adhesives,NA,10860-942,"Seam-Sealing Tape, ChemTape® PIG®, New Pig ChemTape®, 2"" W x 180' L",1,$70.84,https://us.vwr.com/store/product/18828249/seam-sealing-tape-chemtape-pig-new-pig,https://us.vwr.com/stibo/smallweb/std.lang.all/77/67/18717767.jpg,Description: Seam-sealing tape designed and tested for use with chemical-resistant clothing.
Adhesives,NA,47743-726,"Corning® Cell and Tissue Adhesive, Corning BD CellTak adhesives, 1 mg",1,$300.67,https://us.vwr.com/store/product/11702410/corning-cell-and-tissue-adhesive-corning,https://us.vwr.com/stibo/smallweb/std.lang.all/99/56/28119956.jpg,"Description: Corning® Cell-Tak™ Cell and Tissue Adhesive, is used to attach cells or tissue sections to many types of surfaces, including plastic, glass, metal, FE..."
Adhesives,NA,47743-684,"Corning® Cell and Tissue Adhesive, Corning BD CellTak adhesives, 5 mg",1,"$1,429.52",https://us.vwr.com/store/product/11702410/corning-cell-and-tissue-adhesive-corning,https://us.vwr.com/stibo/smallweb/std.lang.all/99/56/28119956.jpg,"Description: Corning® Cell-Tak™ Cell and Tissue Adhesive, is used to attach cells or tissue sections to many types of surfaces, including plastic, glass, metal, FE..."
Adhesives,NA,47743-684,"Corning® Cell and Tissue Adhesive, Corning BD CellTak adhesives, 5 mg",1,"$1,429.52",https://us.vwr.com/store/product/11702410/corning-cell-and-tissue-adhesive-corning,https://us.vwr.com/stibo/smallweb/std.lang.all/99/56/28119956.jpg,"Description: Corning® Cell-Tak™ Cell and Tissue Adhesive, is used to attach cells or tissue sections to many types of surfaces, including plastic, glass, metal, FE..."
Adhesives,NA,89059-444,"Epoxy Adhesive, Ace Glass Incorporated Epoxy adhesive, 30 ml",1,$83.82,https://us.vwr.com/store/product/12134578/epoxy-adhesive-ace-glass-incorporated,https://us.vwr.com/stibo/smallweb/std.lang.all/28/53/12122853.jpg,"Description: A two component epoxy system, which cures to a chemical resistant film."
Adhesives,NA,89059-444,"Epoxy Adhesive, Ace Glass Incorporated Epoxy adhesive, 30 ml",1,$83.82,https://us.vwr.com/store/product/12134578/epoxy-adhesive-ace-glass-incorporated,https://us.vwr.com/stibo/smallweb/std.lang.all/28/53/12122853.jpg,"Description: A two component epoxy system, which cures to a chemical resistant film."
Adhesives,NA,56620-098,"PIG® Multi-Purpose Repair Putty, New Pig PIG repair putty, 17.8 cm (7"")",12,$179.52,https://us.vwr.com/store/product/4597405/pig-multi-purpose-repair-putty-new-pig,https://us.vwr.com/stibo/smallweb/std.lang.all/37/74/10423774.jpg,"Description: Made with the highest-quality epoxy resins to adhere to steel, glass, masonry and most plastics."
Adhesives,NA,56620-098,"PIG® Multi-Purpose Repair Putty, New Pig PIG repair putty, 17.8 cm (7"")",12,$179.52,https://us.vwr.com/store/product/4597405/pig-multi-purpose-repair-putty-new-pig,https://us.vwr.com/stibo/smallweb/std.lang.all/37/74/10423774.jpg,"Description: Made with the highest-quality epoxy resins to adhere to steel, glass, masonry and most plastics."
Adhesives,NA,AA43135-36,"Magnesium Oxide, 2 Part Ceramic Adhesive Paste, Thermo Scientific 500 g, bottle",1,$166.99,https://us.vwr.com/store/product/7488306/magnesium-oxide-2-part-ceramic-adhesive-paste-thermo-scientific,https://us.vwr.com/supplier/smallweb/thermo.jpg,Description: High temperature adhesive for bonding ceramic to metal.Mix ratio (w/w): 1.5:1 powder to liquid.Cure conditions: 1-4 hours at room temperat...
Adhesives,NA,AA43135-36,"Magnesium Oxide, 2 Part Ceramic Adhesive Paste, Thermo Scientific 500 g, bottle",1,$166.99,https://us.vwr.com/store/product/7488306/magnesium-oxide-2-part-ceramic-adhesive-paste-thermo-scientific,https://us.vwr.com/supplier/smallweb/thermo.jpg,Description: High temperature adhesive for bonding ceramic to metal.Mix ratio (w/w): 1.5:1 powder to liquid.Cure conditions: 1-4 hours at room temperat...
Adhesives,NA,AA43135-36,"Magnesium Oxide, 2 Part Ceramic Adhesive Paste, Thermo Scientific 500 g, bottle",1,$166.99,https://us.vwr.com/store/product/7488306/magnesium-oxide-2-part-ceramic-adhesive-paste-thermo-scientific,https://us.vwr.com/supplier/smallweb/thermo.jpg,Description: High temperature adhesive for bonding ceramic to metal.Mix ratio (w/w): 1.5:1 powder to liquid.Cure conditions: 1-4 hours at room temperat...
Adhesives,NA,AA43135-A4,"Magnesium Oxide, 2 Part Ceramic Adhesive Paste, Thermo Scientific 2.5 kg, bottle",1,$449.99,https://us.vwr.com/store/product/7488306/magnesium-oxide-2-part-ceramic-adhesive-paste-thermo-scientific,https://us.vwr.com/supplier/smallweb/thermo.jpg,Description: High temperature adhesive for bonding ceramic to metal.Mix ratio (w/w): 1.5:1 powder to liquid.Cure conditions: 1-4 hours at room temperat...
Adhesives,NA,AA43135-A4,"Magnesium Oxide, 2 Part Ceramic Adhesive Paste, Thermo Scientific 2.5 kg, bottle",1,$449.99,https://us.vwr.com/store/product/7488306/magnesium-oxide-2-part-ceramic-adhesive-paste-thermo-scientific,https://us.vwr.com/supplier/smallweb/thermo.jpg,Description: High temperature adhesive for bonding ceramic to metal.Mix ratio (w/w): 1.5:1 powder to liquid.Cure conditions: 1-4 hours at room temperat...
Adhesives,NA,AA43135-A4,"Magnesium Oxide, 2 Part Ceramic Adhesive Paste, Thermo Scientific 2.5 kg, bottle",1,$449.99,https://us.vwr.com/store/product/7488306/magnesium-oxide-2-part-ceramic-adhesive-paste-thermo-scientific,https://us.vwr.com/supplier/smallweb/thermo.jpg,Description: High temperature adhesive for bonding ceramic to metal.Mix ratio (w/w): 1.5:1 powder to liquid.Cure conditions: 1-4 hours at room temperat...
Adhesives,NA,19807-000,"SP Bel-Art Super Glue, Bel-Art Products, a part of SP Super Glue, 3 g (0.11 fl. oz.)",1,$22.54,https://us.vwr.com/store/product/12055541/sp-bel-art-super-glue-bel-art-products-a-part-of-sp,https://us.vwr.com/stibo/smallweb/std.lang.all/54/91/12055491.jpg,Description: A drop of fast-setting Scienceware® Super Glue provides an amazingly strong repair or assembly joint.
Adhesives,NA,19807-000,"SP Bel-Art Super Glue, Bel-Art Products, a part of SP Super Glue, 3 g (0.11 fl. oz.)",1,$22.54,https://us.vwr.com/store/product/12055541/sp-bel-art-super-glue-bel-art-products-a-part-of-sp,https://us.vwr.com/stibo/smallweb/std.lang.all/54/91/12055491.jpg,Description: A drop of fast-setting Scienceware® Super Glue provides an amazingly strong repair or assembly joint.
Adhesives,NA,VF-0082-A2,"Epoxy Worktop Adhesive, Kewaunee Epoxy top cement, 1 quart",1,$214.59,https://us.vwr.com/store/product/4679459/epoxy-worktop-adhesive-kewaunee,https://us.vwr.com/supplier/smallweb/ImageUnavailable.jpg,Description: Use to join KEMRESIN® worktop sections.
Adhesives,NA,VF-0082-A1,"Epoxy Worktop Adhesive, Kewaunee Epoxy top cement, 1 pint",1,$85.83,https://us.vwr.com/store/product/4679459/epoxy-worktop-adhesive-kewaunee,https://us.vwr.com/supplier/smallweb/ImageUnavailable.jpg,Description: Use to join KEMRESIN® worktop sections.
Adhesives,NA,VF-0082-A1,"Epoxy Worktop Adhesive, Kewaunee Epoxy top cement, 1 pint",1,$85.83,https://us.vwr.com/store/product/4679459/epoxy-worktop-adhesive-kewaunee,https://us.vwr.com/supplier/smallweb/ImageUnavailable.jpg,Description: Use to join KEMRESIN® worktop sections.
Adhesives,NA,VF-0082-A2,"Epoxy Worktop Adhesive, Kewaunee Epoxy top cement, 1 quart",1,$214.59,https://us.vwr.com/store/product/4679459/epoxy-worktop-adhesive-kewaunee,https://us.vwr.com/supplier/smallweb/ImageUnavailable.jpg,Description: Use to join KEMRESIN® worktop sections.
Adhesives,NA,82002-792,"PRISM® 408™ Low Odor/Low Bloom Instant Adhesive, Loctite®, Henkel 20 g (0.7 oz.) bottle",1,$752.32,https://us.vwr.com/store/product/4598797/prism-408tm-low-odor-low-bloom-instant-adhesive-loctite-henkel,https://us.vwr.com/stibo/smallweb/std.lang.all/65/51/4646551.jpg,Description: This low-viscosity adhesive instantly bonds components with minimal fumes or odors and has non-blooming characteristics.
Adhesives,NA,500025-999,"Velcro® Extreme Fasteners Rough surface self-adhesive indoor/outdoor, Titanium, 1x4"" per pad",10,$6.61,https://us.vwr.com/store/product/7091667/velcro-extreme-fasteners,https://us.vwr.com/stibo/smallweb/std.lang.all/34/23/22883423.jpg,Description: Great for porous surfaces such as concrete and brick
Adhesives,NA,76252-544,"Loctite® Adhesives, R.S. Hughes, Henkel Loctite® Prism 4081, Clear, 20 g",1,$143.12,https://us.vwr.com/store/product/25157038/loctite-adhesives-r-s-hughes-henkel,https://us.vwr.com/supplier/smallweb/ImageUnavailable.jpg,"Description: These Loctite clear cyanoacrylate adhesives are compatible with metal, thermoplastic and thermoset plastic materials with a 24 hour cure time."
Adhesives,NA,76252-546,"Loctite® Adhesives, R.S. Hughes, Henkel Loctite® Super Bonder 4981, Clear, 20 g",1,$123.34,https://us.vwr.com/store/product/25157038/loctite-adhesives-r-s-hughes-henkel,https://us.vwr.com/supplier/smallweb/ImageUnavailable.jpg,"Description: These Loctite clear cyanoacrylate adhesives are compatible with metal, thermoplastic and thermoset plastic materials with a 24 hour cure time."
Adhesives,NA,500031-594,"Scotch® Super 77 Multipurpose Spray Adhesive, 3M Adhesive spray, aerosol, Transparent, 13.57 oz., Can",1,$23.35,https://us.vwr.com/store/product/7082146/scotch-super-77-multipurpose-spray-adhesive-3m,https://us.vwr.com/stibo/smallweb/std.lang.all/02/99/7750299.jpg,"Description: Bonds many papers, cardboard, foils, plastic and foam."
Adhesives,NA,83007-504,"Threadlocker 271™ High Strength Adhesive, Loctite®, Henkel 50 ml bottle",1,$62.81,https://us.vwr.com/store/product/4597591/threadlocker-271tm-high-strength-adhesive-loctite-henkel,https://us.vwr.com/supplier/smallweb/ImageUnavailable.jpg,"Description: Designed for the permanent locking and sealing of fasteners such as large bolts and studs (M25 and larger) up to 25mm (1"") diameter."
Adhesives,NA,76439-342,"Scotch-Weld™ Epoxy Adhesive DP190, Gray, 48.5 ml Duo-Pak, 3M™ Epoxy, 15 month shelf life, sets in 90 minutes, 48.5 ml, Cartridge",12,$438.75,https://us.vwr.com/store/product/34686336/scotch-weldtm-epoxy-adhesive-dp190-gray-48-5-ml-duo-pak-3mtm,https://us.vwr.com/stibo/smallweb/std.lang.all/57/60/34675760.jpg,Description: 3M™ Scotch-Weld™ Epoxy Adhesive DP190 is a two-part epoxy adhesive that delivers exceptional performance with high shear and peel strength. Extremely ...
Adhesives,NA,76439-340,"Scotch-Weld™ Epoxy Adhesive DP190, Gray, 48.5 ml Duo-Pak, 3M™ Epoxy, 24 month shelf life, sets in 4 minutes, 48.5 ml, Cartridge",12,$478.44,https://us.vwr.com/store/product/34686336/scotch-weldtm-epoxy-adhesive-dp190-gray-48-5-ml-duo-pak-3mtm,https://us.vwr.com/stibo/smallweb/std.lang.all/57/60/34675760.jpg,Description: 3M™ Scotch-Weld™ Epoxy Adhesive DP190 is a two-part epoxy adhesive that delivers exceptional performance with high shear and peel strength. Extremely ...
Adhesives,NA,500025-986,"Velcro® Sticky-Back® Hook and Loop Fasteners Self-adhesive dot rolls in plastic dispenser, Beige, 3/4"" diameter per pad",1,$18.02,https://us.vwr.com/store/product/7081644/velcro-sticky-back-hook-and-loop-fasteners,https://us.vwr.com/stibo/smallweb/std.lang.all/82/90/23208290.jpg,"Description: Whenever you need a quick, easy fix, reach for STICKY BACK® fasteners to get the job done"
Adhesives,NA,500024-200,"Velcro® Sticky-Back® Hook and Loop Fasteners Self-adhesive dot rolls in plastic dispenser, Black, 5/8"" diameter per pad",75,$7.80,https://us.vwr.com/store/product/7081644/velcro-sticky-back-hook-and-loop-fasteners,https://us.vwr.com/stibo/smallweb/std.lang.all/82/90/23208290.jpg,"Description: Whenever you need a quick, easy fix, reach for STICKY BACK® fasteners to get the job done"
Adhesives,NA,500024-164,"Velcro® Sticky-Back® Hook and Loop Fasteners Self-adhesive dot rolls in plastic dispenser, Clear, 5/8"" Diameter per pad",75,$7.73,https://us.vwr.com/store/product/7081644/velcro-sticky-back-hook-and-loop-fasteners,https://us.vwr.com/stibo/smallweb/std.lang.all/82/90/23208290.jpg,"Description: Whenever you need a quick, easy fix, reach for STICKY BACK® fasteners to get the job done"
Adhesives,NA,500041-443,"Velcro® Sticky-Back® Hook and Loop Fasteners Self-adhesive squares, Clear, 7/8x7/8"" per pad",12,$2.15,https://us.vwr.com/store/product/7081644/velcro-sticky-back-hook-and-loop-fasteners,https://us.vwr.com/stibo/smallweb/std.lang.all/82/90/23208290.jpg,"Description: Whenever you need a quick, easy fix, reach for STICKY BACK® fasteners to get the job done"
Adhesives,NA,500027-185,"Velcro® Sticky-Back® Hook and Loop Fasteners Self-adhesive tape rolls in dispenser box, Beige, 3/4""x15' per pad",1,$26.93,https://us.vwr.com/store/product/7081644/velcro-sticky-back-hook-and-loop-fasteners,https://us.vwr.com/stibo/smallweb/std.lang.all/82/90/23208290.jpg,"Description: Whenever you need a quick, easy fix, reach for STICKY BACK® fasteners to get the job done"
Adhesives,NA,500027-184,"Velcro® Sticky-Back® Hook and Loop Fasteners Self-adhesive tape rolls in dispenser box, White, 3/4""x15' per pad",1,$26.92,https://us.vwr.com/store/product/7081644/velcro-sticky-back-hook-and-loop-fasteners,https://us.vwr.com/stibo/smallweb/std.lang.all/82/90/23208290.jpg,"Description: Whenever you need a quick, easy fix, reach for STICKY BACK® fasteners to get the job done"
Adhesives,NA,500027-183,"Velcro® Sticky-Back® Hook and Loop Fasteners Self-adhesive tape rolls in dispenser box, Black, 3/4""x15' per pad",1,$26.92,https://us.vwr.com/store/product/7081644/velcro-sticky-back-hook-and-loop-fasteners,https://us.vwr.com/stibo/smallweb/std.lang.all/82/90/23208290.jpg,"Description: Whenever you need a quick, easy fix, reach for STICKY BACK® fasteners to get the job done"
Adhesives,NA,500000-055,"Velcro® Sticky-Back® Hook and Loop Fasteners Self-adhesive tape rolls in dispenser box, White, 3/4""x30' per pad",1,$42.26,https://us.vwr.com/store/product/7081644/velcro-sticky-back-hook-and-loop-fasteners,https://us.vwr.com/stibo/smallweb/std.lang.all/82/90/23208290.jpg,"Description: Whenever you need a quick, easy fix, reach for STICKY BACK® fasteners to get the job done"
Adhesives,NA,500009-865,"Velcro® Sticky-Back® Hook and Loop Fasteners Self-adhesive tape rolls in dispenser box, Clear, 3/4""x15' per pad",1,$26.92,https://us.vwr.com/store/product/7081644/velcro-sticky-back-hook-and-loop-fasteners,https://us.vwr.com/stibo/smallweb/std.lang.all/82/90/23208290.jpg,"Description: Whenever you need a quick, easy fix, reach for STICKY BACK® fasteners to get the job done"
Adhesives,NA,500000-054,"Velcro® Sticky-Back® Hook and Loop Fasteners Self-adhesive tape rolls in dispenser box, Black, 3/4""x30' per pad",1,$42.26,https://us.vwr.com/store/product/7081644/velcro-sticky-back-hook-and-loop-fasteners,https://us.vwr.com/stibo/smallweb/std.lang.all/82/90/23208290.jpg,"Description: Whenever you need a quick, easy fix, reach for STICKY BACK® fasteners to get the job done"
Adhesives,NA,500027-162,"Velcro® Sticky-Back® Hook and Loop Fasteners Tape rolls in plastic dispenser, Black, 3/4""x5' per pad",1,$7.52,https://us.vwr.com/store/product/7081644/velcro-sticky-back-hook-and-loop-fasteners,https://us.vwr.com/stibo/smallweb/std.lang.all/82/90/23208290.jpg,"Description: Whenever you need a quick, easy fix, reach for STICKY BACK® fasteners to get the job done"
Adhesives,NA,500027-164,"Velcro® Sticky-Back® Hook and Loop Fasteners Tape rolls in plastic dispenser, White, 3/4""x5' per pad",1,$7.37,https://us.vwr.com/store/product/7081644/velcro-sticky-back-hook-and-loop-fasteners,https://us.vwr.com/stibo/smallweb/std.lang.all/82/90/23208290.jpg,"Description: Whenever you need a quick, easy fix, reach for STICKY BACK® fasteners to get the job done"
Adhesives,NA,500038-611,"Elmer's® Glue-All® White Glue Glue-All®, White application, Clear dry, 7.625 oz.",1,$5.55,https://us.vwr.com/store/product/7082151/elmer-s-glue-all-white-glue,https://us.vwr.com/stibo/smallweb/std.lang.all/11/28/23631128.jpg,"Description: Versatile all-purpose glue is perfect for school projects, crafts, and light home repair."
Adhesives,NA,500038-612,"Elmer's® Glue-All® White Glue Glue-All®, White application, Clear dry, 1 gal.",1,$40.51,https://us.vwr.com/store/product/7082151/elmer-s-glue-all-white-glue,https://us.vwr.com/stibo/smallweb/std.lang.all/11/28/23631128.jpg,"Description: Versatile all-purpose glue is perfect for school projects, crafts, and light home repair."
Adhesives,NA,500038-610,"Elmer's® Glue-All® White Glue Glue-All®, White application, Clear dry, 4 oz.",1,$2.46,https://us.vwr.com/store/product/7082151/elmer-s-glue-all-white-glue,https://us.vwr.com/stibo/smallweb/std.lang.all/11/28/23631128.jpg,"Description: Versatile all-purpose glue is perfect for school projects, crafts, and light home repair."
Adhesives,NA,300001-033,"404™ Quick Set™ Instant Adhesive, Loctite, Henkel Quick set 404, Clear, 0.4 lb. (4 oz.), Bottle",1,$235.81,https://us.vwr.com/store/product/7604076/404tm-quick-settm-instant-adhesive-loctite-henkel,https://us.vwr.com/stibo/smallweb/std.lang.all/00/10/7620010.jpg,Description: A quick-set instant adhesive.
Adhesives,NA,82002-808,"Assure™ 425™ Surface-Curing Threadlocker, Loctite®, Henkel 20 g (0.7 oz.) bottle",10,$328.95,https://us.vwr.com/store/product/4600823/assuretm-425tm-surface-curing-threadlocker-loctite-henkel,https://us.vwr.com/stibo/smallweb/std.lang.all/00/38/4640038.jpg,"Description: This low-strength, fast-curing threadlocker was developed for locking fasteners on plastic or metal parts."
Adhesives,NA,76250-728,"Velcro® One-Wrap Self Gripping Roll, Zoro Re-usable One-Wrap Self Gripping Roll, Black, 1/2""×75'",1,$73.03,https://us.vwr.com/store/product/24814150/velcro-one-wrap-self-gripping-roll-zoro,https://us.vwr.com/supplier/smallweb/ImageUnavailable.jpg,Description: Re-usable One-Wrap Self Gripping Roll
Adhesives,NA,12778-022,"Jet-melt™ Hot Melt Adhesives, 3M™ Jet-melt adhesives, 2.5×7.6 cm (1×3"") per stick, 10 kg (22 lbs.)/Box",1,$256.22,https://us.vwr.com/store/product/4597413/jet-melttm-hot-melt-adhesives-3mtm,https://us.vwr.com/stibo/smallweb/std.lang.all/84/65/4648465.jpg,"Description: Solvent-free adhesives achieve bond strength in seconds to bond wood, plastics, foam, fabric, cardboard, and many other surfaces. For use with Polygun..."
Adhesives,NA,12778-018,"Jet-melt™ Hot Melt Adhesives, 3M™ Jet-melt adhesives, 1.6×5.1 cm (5/8×2"") per stick, 5 kg (11 lbs.)/Box",1,$81.67,https://us.vwr.com/store/product/4597413/jet-melttm-hot-melt-adhesives-3mtm,https://us.vwr.com/stibo/smallweb/std.lang.all/84/65/4648465.jpg,"Description: Solvent-free adhesives achieve bond strength in seconds to bond wood, plastics, foam, fabric, cardboard, and many other surfaces. For use with Polygun..."
Adhesives,NA,82002-800,"Super Bonder® 416™ Instant Adhesive, Loctite®, Henkel 28.3 g (1 oz.) bottle",10,$746.19,https://us.vwr.com/store/product/4600818/super-bonder-416tm-instant-adhesive-loctite-henkel,https://us.vwr.com/stibo/smallweb/std.lang.all/61/92/4906192.jpg,"Description: Super Bonder® 416™ adhesive is a high-viscosity, industrial-grade instant adhesive."
Adhesives,NA,82002-802,"Super Bonder® 416™ Instant Adhesive, Loctite®, Henkel 454 g (1 lb.) bottle",1,$266.17,https://us.vwr.com/store/product/4600818/super-bonder-416tm-instant-adhesive-loctite-henkel,https://us.vwr.com/stibo/smallweb/std.lang.all/61/92/4906192.jpg,"Description: Super Bonder® 416™ adhesive is a high-viscosity, industrial-grade instant adhesive."
Adhesives,NA,76313-912,"LOCTITE® 680 Retaining Compounds, Henkel Corporation Retaining Compounds, 10 ml",1,$254.39,https://us.vwr.com/store/product/26062958/loctite-680-retaining-compounds-henkel-corporation,https://us.vwr.com/stibo/smallweb/std.lang.all/42/44/26074244.jpg,"Description: Designed for the bonding of cylindrical fitting parts, particularly where low viscosity is required. This compound prevents loosening and leakage from..."
Adhesives,NA,19807-510,"Threadlocker 242™ Removable-Grade Adhesive, Loctite®, Henkel 10 ml (0.34 oz.) bottle, Blue",1,$664.33,https://us.vwr.com/store/product/4601482/threadlocker-242tm-removable-grade-adhesive-loctite-henkel,https://us.vwr.com/stibo/smallweb/std.lang.all/47/78/4904778.jpg,"Description: Medium-strength, removable, general-purpose Threadlocker 242™ adhesive is well suited for use with fasteners 6.4–19mm (¼–¾"") in diameter."
Adhesives,NA,19807-512,"Threadlocker 242™ Removable-Grade Adhesive, Loctite®, Henkel 50 ml (1.69 oz.) bottle, Blue",1,$142.13,https://us.vwr.com/store/product/4601482/threadlocker-242tm-removable-grade-adhesive-loctite-henkel,https://us.vwr.com/stibo/smallweb/std.lang.all/47/78/4904778.jpg,"Description: Medium-strength, removable, general-purpose Threadlocker 242™ adhesive is well suited for use with fasteners 6.4–19mm (¼–¾"") in diameter."
Adhesives,NA,19807-514,"Threadlocker 242™ Removable-Grade Adhesive, Loctite®, Henkel 250 ml (8.45 oz.) bottle, Blue",1,"$4,633.33",https://us.vwr.com/store/product/4601482/threadlocker-242tm-removable-grade-adhesive-loctite-henkel,https://us.vwr.com/stibo/smallweb/std.lang.all/47/78/4904778.jpg,"Description: Medium-strength, removable, general-purpose Threadlocker 242™ adhesive is well suited for use with fasteners 6.4–19mm (¼–¾"") in diameter."
Adhesives,NA,300050-784,"1-Minute® Gel Epoxy, Devcon Epoxy 1 min, Amber",1,$63.37,https://us.vwr.com/store/product/7604067/1-minute-gel-epoxy-devcon,https://us.vwr.com/stibo/smallweb/std.lang.all/45/67/18984567.jpg,Description: A multi-purpose gel epoxy.
Adhesives,NA,500033-486,"Tombow® Mono® Aqua Liquid Glue Glue, liquid mono aqua, Clear application, Clear dry, 1.690 oz.",1,$2.78,https://us.vwr.com/store/product/7082158/tombow-mono-aqua-liquid-glue,https://us.vwr.com/stibo/smallweb/std.lang.all/82/12/22918212.jpg,Description: Features two applicators to cover all your gluing needs.
Adhesives,NA,500033-496,"Elmer's® Rubber Cement Repositionable rubber cement, bottle with brush, Opaque application, Clear dry, 4 oz.",1,$3.54,https://us.vwr.com/store/product/7082152/elmer-s-rubber-cement,https://us.vwr.com/stibo/smallweb/std.lang.all/73/98/23557398.jpg,"Description: Finally, a better solution for adhering photos and detailed cut and paste projects."
Adhesives,NA,300050-782,"5 Minute® Epoxy, Devcon Epoxy in Dev-Pak™, Light Amber, 50 ml",1,$49.08,https://us.vwr.com/store/product/7604082/5-minute-epoxy-devcon,https://us.vwr.com/stibo/smallweb/std.lang.all/45/66/18984566.jpg,"Description: A rapid-curing, general-purpose adhesive/encapsulant."
Adhesives,NA,300050-774,"5 Minute® Epoxy, Devcon Epoxy in Dual Bottle, Light Amber, 15 oz.",1,$178.64,https://us.vwr.com/store/product/7604082/5-minute-epoxy-devcon,https://us.vwr.com/stibo/smallweb/std.lang.all/45/66/18984566.jpg,"Description: A rapid-curing, general-purpose adhesive/encapsulant."
Adhesives,NA,300007-392,"5 Minute® Epoxy, Devcon Epoxy in dual syringe tube, Light Amber, 25 ml",1,$20.21,https://us.vwr.com/store/product/7604082/5-minute-epoxy-devcon,https://us.vwr.com/stibo/smallweb/std.lang.all/45/66/18984566.jpg,"Description: A rapid-curing, general-purpose adhesive/encapsulant."
Adhesives,NA,300050-776,"5 Minute® Epoxy, Devcon Epoxy in Dual Tube, Light Amber, 2.5 oz.",1,$37.15,https://us.vwr.com/store/product/7604082/5-minute-epoxy-devcon,https://us.vwr.com/stibo/smallweb/std.lang.all/45/66/18984566.jpg,"Description: A rapid-curing, general-purpose adhesive/encapsulant."
Adhesives,NA,10126-308,"Scotch-Weld™ Epoxy Adhesives, 3M™ Scotch-Weld™ Epoxy Adhesive 2216 (10 Hour Set Time; 7 Day Full Cure at 22°C [72°F]), Gray",1,$96.98,https://us.vwr.com/store/product/4527379/scotch-weldtm-epoxy-adhesives-3mtm,https://us.vwr.com/stibo/smallweb/std.lang.all/84/64/4648464.jpg,Description: Scotch-Weld™ epoxy adhesives are designed for applications where high performance and flexible bonds are required.
Adhesives,NA,12778-008,"Scotch-Weld™ Epoxy Adhesives, 3M™ Scotch-Weld™ epoxy adhesive 2216 (10 h set time; 30 d full cure at 22 °C (72 °F)), Translucent",1,$82.44,https://us.vwr.com/store/product/4527379/scotch-weldtm-epoxy-adhesives-3mtm,https://us.vwr.com/stibo/smallweb/std.lang.all/84/64/4648464.jpg,Description: Scotch-Weld™ epoxy adhesives are designed for applications where high performance and flexible bonds are required.
Adhesives,NA,76246-930,"Scotch-Weld™ Epoxy Adhesives, 3M™ Scotch-Weld™ Epoxy Adhesive DP125 (125 Minute Set Time; 7 Day Full Cure at 22°C [72°F]), Gray",1,$38.62,https://us.vwr.com/store/product/4527379/scotch-weldtm-epoxy-adhesives-3mtm,https://us.vwr.com/stibo/smallweb/std.lang.all/84/64/4648464.jpg,Description: Scotch-Weld™ epoxy adhesives are designed for applications where high performance and flexible bonds are required.
Adhesives,NA,500033-550,"Elmer's® All-Purpose Glue Stick Glue stick, White application, Clear dry, 0.77 oz.",12,$15.83,https://us.vwr.com/store/product/7088660/elmer-s-all-purpose-glue-stick,https://us.vwr.com/stibo/smallweb/std.lang.all/74/04/23557404.jpg,"Description: Glue bonds together a wide variety of materials, including paper, cardboard, tag-board, foam, and more."
Adhesives,NA,33500-072,"CircuitWorks® Prototype/Repair Tools Conductive Epoxy Kit, ITW Chemtronics® CircuitWorks® Prototype/repair tools conductive epoxy kit",12,"$1,179.34",https://us.vwr.com/store/product/4597423/circuitworks-prototype-repair-tools-conductive-epoxy-kit-itw-chemtronics,https://us.vwr.com/stibo/smallweb/std.lang.all/36/59/4673659.jpg,Description: Developed to aggresively bond to a wide variety of materials.
Adhesives,NA,470020-474,"Glue and Adhesives Glue, school white 4 oz.",1,$5.40,https://us.vwr.com/store/product/8875943/glue-and-adhesives,https://us.vwr.com/stibo/smallweb/std.lang.all/88/23/17688823.jpg,Description: Versatile glue and adhesives.
Adhesives,NA,470095-028,"Glue and Adhesives Glue, tacky, 236 ml",1,$7.30,https://us.vwr.com/store/product/8875943/glue-and-adhesives,https://us.vwr.com/stibo/smallweb/std.lang.all/88/23/17688823.jpg,Description: Versatile glue and adhesives.
Adhesives,NA,470149-726,Glue and Adhesives Glue stick,1,$2.20,https://us.vwr.com/store/product/8875943/glue-and-adhesives,https://us.vwr.com/stibo/smallweb/std.lang.all/88/23/17688823.jpg,Description: Versatile glue and adhesives.
Adhesives,NA,470105-494,Glue and Adhesives Krazy glue,1,$8.20,https://us.vwr.com/store/product/8875943/glue-and-adhesives,https://us.vwr.com/stibo/smallweb/std.lang.all/88/23/17688823.jpg,Description: Versatile glue and adhesives.
Adhesives,NA,470003-360,"Glue and Adhesives Glue, school white 4 oz.",1,$2.25,https://us.vwr.com/store/product/8875943/glue-and-adhesives,https://us.vwr.com/stibo/smallweb/std.lang.all/88/23/17688823.jpg,Description: Versatile glue and adhesives.
Adhesives,NA,300007-393,"Mark 5™ Dispensing Systems, Devcon Mark 5 epoxy gun, 0.75 lb.",1,$294.06,https://us.vwr.com/store/product/7604036/mark-5tm-dispensing-systems-devcon,https://us.vwr.com/stibo/smallweb/std.lang.all/45/68/18984568.jpg,Description: Designed for dispensing and applying Devcon® adhesives for repair and assembly operations.
Adhesives,NA,82002-814,"Super Bonder® 496 Instant Adhesive, Loctite®, Henkel 28.3 g (1 oz.) bottle",10,$341.30,https://us.vwr.com/store/product/4600766/super-bonder-496-instant-adhesive-loctite-henkel,https://us.vwr.com/stibo/smallweb/std.lang.all/61/96/4906196.jpg,"Description: This is a medium-viscosity, high-strength adhesive."
Adhesives,NA,82002-794,"PRISM® 410™ Black Toughened Instant Adhesive, Loctite®, Henkel 20 g (0.7 oz.) bottle",10,$358.20,https://us.vwr.com/store/product/4600748/prism-410tm-black-toughened-instant-adhesive-loctite-henkel,https://us.vwr.com/stibo/smallweb/std.lang.all/61/90/4906190.jpg,"Description: This black, toughened ethyl adhesive bonds rubbers, metals, and plastics for use in difficult environments."
Adhesives,NA,82002-772,"Loctite® 3301™ Light Cure Adhesive, Henkel Light cure adhesive, clear, 25 ml syringe",10,$560.51,https://us.vwr.com/store/product/24508774/loctite-3301tm-light-cure-adhesive-henkel,https://us.vwr.com/supplier/smallweb/ImageUnavailable.jpg,Description: Loctite® 3301™ one-part acrylate urethane light cure adhesive is pale yellow in color and has a vapor pressure greater than 5 millimeters Hg at 20 deg...
Adhesives,NA,470228-940,Four Glue Gun Holder,1,$21.65,https://us.vwr.com/store/product/22049903/four-glue-gun-holder,https://us.vwr.com/stibo/smallweb/std.lang.all/44/08/22004408.jpg,Description: Hold up to four glue guns safely.
Adhesives,NA,76245-652,"Velcro® Loop Roll Fastener, Grainger Reclosable Fastener, Loop Roll, Black, 1""×75'",1,$188.26,https://us.vwr.com/store/product/24814149/velcro-loop-roll-fastener-grainger,https://us.vwr.com/supplier/smallweb/ImageUnavailable.jpg,"Description: Reclosable Fastener, Loop Roll"
Adhesives,NA,500027-085,"Scotch® Permanent High-Density Foam Mounting Tape, 3M Permanent double-sided adhesive mounting tape, White, 3/4×350""",1,$16.35,https://us.vwr.com/store/product/7087461/scotch-permanent-high-density-foam-mounting-tape-3m,https://us.vwr.com/stibo/smallweb/std.lang.all/91/69/23229169.jpg,"Description: Faster, safer, more versatile than screws and nails"
Adhesives,NA,500027-018,"Scotch® Permanent High-Density Foam Mounting Tape, 3M Permanent double-sided adhesive mounting tape, White, 3/4×1368""",1,$44.37,https://us.vwr.com/store/product/7087461/scotch-permanent-high-density-foam-mounting-tape-3m,https://us.vwr.com/stibo/smallweb/std.lang.all/91/69/23229169.jpg,"Description: Faster, safer, more versatile than screws and nails"
Adhesives,NA,500027-088,"Scotch® Permanent High-Density Foam Mounting Tape, 3M Permanent double-sided adhesive mounting tape, White, 1/2×75""",1,$3.48,https://us.vwr.com/store/product/7087461/scotch-permanent-high-density-foam-mounting-tape-3m,https://us.vwr.com/stibo/smallweb/std.lang.all/91/69/23229169.jpg,"Description: Faster, safer, more versatile than screws and nails"
Adhesives,NA,11019-826,"STARRAM 137 Monolithic Refractory Dry Cement, Morgan Advanced Materials STARRAM 137 Monolithic Refractory Dry Cement, 50 lbs.",1,$268.54,https://us.vwr.com/store/product/22155923/starram-137-monolithic-refractory-dry-cement-morgan-advanced-materials,https://us.vwr.com/supplier/smallweb/ImageUnavailable.jpg,"Description: This granular, odorless solid cement mixture appears white, gray, or brown in color"
Adhesives,NA,300040-028,"411™ Prism® Instant Adhesive, Clear/Toughened, Loctite, Henkel Prism 411, Clear, 3 g, Tube",1,$10.65,https://us.vwr.com/store/product/7604078/411tm-prism-instant-adhesive-clear-toughened-loctite-henkel,https://us.vwr.com/stibo/smallweb/std.lang.all/00/03/7620003.jpg,Description: An adhesive formulated for excellent impact and peel strength.
Adhesives,NA,300050-520,"5 Minute® Epoxy Gel, Devcon Epoxy gel in Dev-Pak™, Amber, 50 ml",12,$345.23,https://us.vwr.com/store/product/7604083/5-minute-epoxy-gel-devcon,https://us.vwr.com/stibo/smallweb/std.lang.all/45/63/18984563.jpg,"Description: Thixotropic, nonmigrating gel adhesive with excellent gap filling properties."
Adhesives,NA,300050-778,"5 Minute® Epoxy Gel, Devcon Epoxy gel in dual syringe tube, Amber, 25 ml",1,$30.56,https://us.vwr.com/store/product/7604083/5-minute-epoxy-gel-devcon,https://us.vwr.com/stibo/smallweb/std.lang.all/45/63/18984563.jpg,"Description: Thixotropic, nonmigrating gel adhesive with excellent gap filling properties."
Adhesives,NA,470089-302,"Velcro, Hook and Loop, 1 ft, Black Velcro, Hook & Loop, 1', Black",1,$3.20,https://us.vwr.com/store/product/8891729/velcro-hook-and-loop-1-ft-black,https://us.vwr.com/supplier/smallweb/ImageUnavailable.jpg,"Description: Velcro, Hook & Loop, 1'"
Adhesives,NA,500033-514,"Avery® Permanent Glue Stics Disappearing glue Stick, Purple application, Clear dry, 1.27 oz., -, -, -",1,$1.93,https://us.vwr.com/store/product/7091486/avery-permanent-glue-stics,https://us.vwr.com/stibo/smallweb/std.lang.all/39/19/22923919.jpg,"Description: Permanent adhesive securely fastens paper, cardboard, photographs and more for great crafting, scrapbooking and other projects."
Adhesives,NA,500012-964,"Avery® Permanent Glue Stics Glue Stic, Purple application, Clear dry, 0.26 oz., -, -, -",6,$4.01,https://us.vwr.com/store/product/7091486/avery-permanent-glue-stics,https://us.vwr.com/stibo/smallweb/std.lang.all/39/19/22923919.jpg,"Description: Permanent adhesive securely fastens paper, cardboard, photographs and more for great crafting, scrapbooking and other projects."
Adhesives,NA,500012-965,"Avery® Permanent Glue Stics Glue Stic, Clear application, Clear dry, 0.26 oz., -, -, -",6,$4.10,https://us.vwr.com/store/product/7091486/avery-permanent-glue-stics,https://us.vwr.com/stibo/smallweb/std.lang.all/39/19/22923919.jpg,"Description: Permanent adhesive securely fastens paper, cardboard, photographs and more for great crafting, scrapbooking and other projects."
Adhesives,NA,500033-540,"Avery® Permanent Glue Stics Glue stick, Clear application, Clear dry, 1.27 oz., -, -, -",1,$1.98,https://us.vwr.com/store/product/7091486/avery-permanent-glue-stics,https://us.vwr.com/stibo/smallweb/std.lang.all/39/19/22923919.jpg,"Description: Permanent adhesive securely fastens paper, cardboard, photographs and more for great crafting, scrapbooking and other projects."
Adhesives,NA,500033-532,"Avery® Permanent Glue Stics Glue stick, Clear application, Clear dry, 0.26 oz., -, -, -",1,$0.68,https://us.vwr.com/store/product/7091486/avery-permanent-glue-stics,https://us.vwr.com/stibo/smallweb/std.lang.all/39/19/22923919.jpg,"Description: Permanent adhesive securely fastens paper, cardboard, photographs and more for great crafting, scrapbooking and other projects."
Adhesives,NA,500033-518,"Avery® Permanent Glue Stics Glue stick, value pack, Clear application, Clear dry, 0.26 oz., Stick, 0.260 oz, Cardboard, Fabrics, Papers, Photos",18,$10.43,https://us.vwr.com/store/product/7091486/avery-permanent-glue-stics,https://us.vwr.com/stibo/smallweb/std.lang.all/39/19/22923919.jpg,"Description: Permanent adhesive securely fastens paper, cardboard, photographs and more for great crafting, scrapbooking and other projects."
Adhesives,NA,500033-520,"Avery® Permanent Glue Stics Glue stick, value pack, Purple application, Clear dry, 0.26 oz., -, -, -",18,$10.64,https://us.vwr.com/store/product/7091486/avery-permanent-glue-stics,https://us.vwr.com/stibo/smallweb/std.lang.all/39/19/22923919.jpg,"Description: Permanent adhesive securely fastens paper, cardboard, photographs and more for great crafting, scrapbooking and other projects."
Adhesives,NA,500033-522,"Avery® Permanent Glue Stics Glue stick, value pack, Purple application, Clear dry, 1.27 oz., -, -, -",6,$10.60,https://us.vwr.com/store/product/7091486/avery-permanent-glue-stics,https://us.vwr.com/stibo/smallweb/std.lang.all/39/19/22923919.jpg,"Description: Permanent adhesive securely fastens paper, cardboard, photographs and more for great crafting, scrapbooking and other projects."
Adhesives,NA,500033-524,"Avery® Permanent Glue Stics Glue stick, value pack, Clear application, Clear dry, 1.27 oz., -, -, -",6,$10.47,https://us.vwr.com/store/product/7091486/avery-permanent-glue-stics,https://us.vwr.com/stibo/smallweb/std.lang.all/39/19/22923919.jpg,"Description: Permanent adhesive securely fastens paper, cardboard, photographs and more for great crafting, scrapbooking and other projects."
Adhesives,NA,500043-764,"Scotch® Reusable Mounting Tabs, 3M Removable, repositionable double-sided adhesive mounting tape, Clear, 1×1""",16,$3.25,https://us.vwr.com/store/product/7094406/scotch-reusable-mounting-tabs-3m,https://us.vwr.com/stibo/smallweb/std.lang.all/28/99/22782899.jpg,"Description: For lightweight mounting, reuse these tabs again and again"
Adhesives,NA,100499-710,"Grid Mats, Electron Microscopy Sciences Round grid mats",1,$147.74,https://us.vwr.com/store/product/12359900/grid-mats-electron-microscopy-sciences,https://us.vwr.com/stibo/smallweb/std.lang.all/52/78/11945278.jpg,"Description: White silicone rubber mats, with numbered compartments."
Adhesives,NA,100502-802,"Grid Mats, Electron Microscopy Sciences Round grid mats",1,$14.56,https://us.vwr.com/store/product/12359900/grid-mats-electron-microscopy-sciences,https://us.vwr.com/stibo/smallweb/std.lang.all/52/78/11945278.jpg,"Description: White silicone rubber mats, with numbered compartments."
Adhesives,NA,100499-708,"Grid Mats, Electron Microscopy Sciences Square grid mats",1,$131.32,https://us.vwr.com/store/product/12359900/grid-mats-electron-microscopy-sciences,https://us.vwr.com/stibo/smallweb/std.lang.all/52/78/11945278.jpg,"Description: White silicone rubber mats, with numbered compartments."
Adhesives,NA,100502-800,"Grid Mats, Electron Microscopy Sciences Square grid mats",1,$12.59,https://us.vwr.com/store/product/12359900/grid-mats-electron-microscopy-sciences,https://us.vwr.com/stibo/smallweb/std.lang.all/52/78/11945278.jpg,"Description: White silicone rubber mats, with numbered compartments."
Adhesives,NA,76313-916,"LOCTITE® GRD C (084) Thread lockers, Henkel Corporation Thread Lockers, 50 ml",1,$97.40,https://us.vwr.com/store/product/26062983/loctite-grd-c-084-thread-lockers-henkel-corporation,https://us.vwr.com/supplier/smallweb/ImageUnavailable.jpg,"Description: LOCTITE® Letter Grade C (084) Thread lockers are used to lock and seal fine threaded nuts, bolts, and studs in a wide variety of applications."
Adhesives,NA,82002-781,"Tak Pak® 712™ Accelerator, Loctite®, Henkel Tak-Pak Accel 712, 51.7 ml (1.75 oz.), Bottle",20,"$1,226.80",https://us.vwr.com/store/product/20714865/tak-pak-712tm-accelerator-loctite-henkel,https://us.vwr.com/supplier/smallweb/ImageUnavailable.jpg,Description: LOCTITE® SF 712™ Accelerator increases cure speed of Loctite instant adhesive
Adhesives,NA,82002-766,"Tak Pak® 712™ Accelerator, Loctite®, Henkel Tak-Pak Accel 712, 207 ml (7.3 oz.), Metered-mist bottle",10,$606.40,https://us.vwr.com/store/product/20714865/tak-pak-712tm-accelerator-loctite-henkel,https://us.vwr.com/supplier/smallweb/ImageUnavailable.jpg,Description: LOCTITE® SF 712™ Accelerator increases cure speed of Loctite instant adhesive
Adhesives,NA,82002-764,"Tak Pak® 712™ Accelerator, Loctite®, Henkel Tak-Pak Accel 712, 207 ml (7.3 oz.), Metered-mist bottle",10,$423.87,https://us.vwr.com/store/product/20714865/tak-pak-712tm-accelerator-loctite-henkel,https://us.vwr.com/supplier/smallweb/ImageUnavailable.jpg,Description: LOCTITE® SF 712™ Accelerator increases cure speed of Loctite instant adhesive
Adhesives,NA,82002-758,"Tak Pak® 712™ Accelerator, Loctite®, Henkel Tak-Pak Accel 712, 3.7 L (128 oz.), Can",1,$197.63,https://us.vwr.com/store/product/20714865/tak-pak-712tm-accelerator-loctite-henkel,https://us.vwr.com/supplier/smallweb/ImageUnavailable.jpg,Description: LOCTITE® SF 712™ Accelerator increases cure speed of Loctite instant adhesive
Adhesives,NA,76249-048,"Momentive™ Electronics Grade Silicone Adhesive Sealant, HISCO Electronics grade silicone adhesive sealant paste, specific gravity 1.09, White, 0.3 L, Tube",1,$224.47,https://us.vwr.com/store/product/24814657/momentivetm-electronics-grade-silicone-adhesive-sealant-hisco,https://us.vwr.com/supplier/smallweb/ImageUnavailable.jpg,"Description: This is a non-corrosive and cures to a tough, resilient silicone rubber at room temperature."
Adhesives,NA,300050-786,"25 Epoxy Plus Adhesives, Devcon Dev-Pak Epoxy Plus, Light Gray, 50 ml, 0.09 lb., Dev-Pak™",1,$65.58,https://us.vwr.com/store/product/7604069/25-epoxy-plus-adhesives-devcon,https://us.vwr.com/stibo/smallweb/std.lang.all/97/22/7619722.jpg,"Description: Multi-purpose adhesive bonds metals, FRP composites, rigid plastics, concrete, glass, and wood."
Adhesives,NA,300038-936,"Clear RTV Silicone Adhesive Sealants, Permatex® Clear silicone adhesive, Clear, 51 ml (1.72 oz.), Automatic Tube®",12,$555.25,https://us.vwr.com/store/product/7604181/clear-rtv-silicone-adhesive-sealants-permatex,https://us.vwr.com/stibo/smallweb/std.lang.all/45/95/18984595.jpg,Description: Waterproof and flexible sealant may be applied to horizontal or vertical surfaces.
Adhesives,NA,300064-176,"Clear RTV Silicone Adhesive Sealants, Permatex® Silicone adhesive, Clear, 11 oz. (325 ml), Cartridge",1,$118.24,https://us.vwr.com/store/product/7604181/clear-rtv-silicone-adhesive-sealants-permatex,https://us.vwr.com/stibo/smallweb/std.lang.all/45/95/18984595.jpg,Description: Waterproof and flexible sealant may be applied to horizontal or vertical surfaces.
Adhesives,NA,300053-742,"Clear RTV Silicone Adhesive Sealants, Permatex® Silicone adhesive, Clear, 88 ml (3 oz.), Tube",12,$442.55,https://us.vwr.com/store/product/7604181/clear-rtv-silicone-adhesive-sealants-permatex,https://us.vwr.com/stibo/smallweb/std.lang.all/45/95/18984595.jpg,Description: Waterproof and flexible sealant may be applied to horizontal or vertical surfaces.
Adhesives,NA,500006-263,"Advantus® StikkiCLIPS® Adhesive Clips Removable clip, plastic, White",20,$5.14,https://us.vwr.com/store/product/7083877/advantus-stikkiclips-adhesive-clips,https://us.vwr.com/stibo/smallweb/std.lang.all/55/92/23165592.jpg,"Description: Handy removable, reusable clip adheres to most surfaces"
Adhesives,NA,89235-832,"Super 77™ Multi-Purpose Spray Adhesive, 3M Industrial Adhesive spray, 709.7 ml (24 oz.)",1,$45.64,https://us.vwr.com/store/product/9850849/super-77tm-multi-purpose-spray-adhesive-3m-industrial,https://us.vwr.com/stibo/smallweb/std.lang.all/08/54/9850854.jpg,"Description: Versatile adhesive securely bonds most lightweight materials, plus it has low soak-in for long-lasting bonds."
Adhesives,NA,500009-858,"Velcro® One-Wrap® Reusable Ties Fastener, Black, Gray, 1/2x8"" per pad",1,$5.42,https://us.vwr.com/store/product/7091665/velcro-one-wrap-reusable-ties,https://us.vwr.com/stibo/smallweb/std.lang.all/91/23/23209123.jpg,Description: Take control of cord clutter
Adhesives,NA,19807-546,"Super Bonder® 495™ Instant Adhesive, Loctite®, Henkel 28.4 g (1 oz.) bottle",1,$882.52,https://us.vwr.com/store/product/4600763/super-bonder-495tm-instant-adhesive-loctite-henkel,https://us.vwr.com/stibo/smallweb/std.lang.all/41/58/4644158.jpg,"Description: This is a low-viscosity, general-purpose instant adhesive."
Adhesives,NA,19807-544,"Super Bonder® 495™ Instant Adhesive, Loctite®, Henkel 3 g (0.1 oz.) tube",1,$164.60,https://us.vwr.com/store/product/4600763/super-bonder-495tm-instant-adhesive-loctite-henkel,https://us.vwr.com/stibo/smallweb/std.lang.all/41/58/4644158.jpg,"Description: This is a low-viscosity, general-purpose instant adhesive."
Adhesives,NA,500033-484,"Krazy® Glue All Purpose Instant Gel Adhesive KrazyGlue, gel, Clear application, Clear dry, 0.070 oz.",1,$2.77,https://us.vwr.com/store/product/7092659/krazy-glue-all-purpose-instant-gel,https://us.vwr.com/stibo/smallweb/std.lang.all/83/99/23328399.jpg,Description: All-purpose formula is great for everyday household repairs.
Adhesives,NA,83007-506,"Super Bonder® 409™ Industrial Grade Instant Adhesive Gel, Loctite®, Henkel Super Bonder® 409™ industrial grade instant adhesive gel",1,$844.30,https://us.vwr.com/store/product/4597585/super-bonder-409tm-industrial-grade-instant-adhesive-gel-loctite-henkel,https://us.vwr.com/supplier/smallweb/ImageUnavailable.jpg,"Description: Clear adhesive gel for general-purpose use on metal, plastic, and rubber."
Adhesives,NA,76247-136,"Henkel Loctite 222 Threadlocker Adhesive, Ellsworth Adhesives Anaerobic adhesive, specific gravity 1.08  at 20 °C, Purple, 10 ml",1,$70.45,https://us.vwr.com/store/product/24813534/henkel-loctite-222-threadlocker-adhesive-ellsworth-adhesives,https://us.vwr.com/supplier/smallweb/ImageUnavailable.jpg,Description: This is a one component anaerobic material designed for the locking and sealing of threaded fasteners which require easy disassembly with standard han...
Adhesives,NA,500027-030,"Velcro® Industrial Strength Sticky-Back® Hook and Loop Fasteners Industrial strength self-adhesive strips, White, 2""x15' per pad",1,$36.27,https://us.vwr.com/store/product/7091664/velcro-industrial-strength-sticky-back-hook-and-loop-fasteners,https://us.vwr.com/stibo/smallweb/std.lang.all/95/99/23209599.jpg,Description: 50% stronger than standard hook and loop fasteners
Adhesives,NA,500009-849,"Velcro® Industrial Strength Sticky-Back® Hook and Loop Fasteners Industrial strength self-adhesive strips, Black, 2x4"" per pad",2,$2.52,https://us.vwr.com/store/product/7091664/velcro-industrial-strength-sticky-back-hook-and-loop-fasteners,https://us.vwr.com/stibo/smallweb/std.lang.all/95/99/23209599.jpg,Description: 50% stronger than standard hook and loop fasteners
Adhesives,NA,500027-029,"Velcro® Industrial Strength Sticky-Back® Hook and Loop Fasteners Industrial strength self-adhesive strips, Black, 2""x15' per pad",1,$36.27,https://us.vwr.com/store/product/7091664/velcro-industrial-strength-sticky-back-hook-and-loop-fasteners,https://us.vwr.com/stibo/smallweb/std.lang.all/95/99/23209599.jpg,Description: 50% stronger than standard hook and loop fasteners
Adhesives,NA,500009-850,"Velcro® Industrial Strength Sticky-Back® Hook and Loop Fasteners Industrial strength self-adhesive strips, White, 2x4"" per pad",2,$2.47,https://us.vwr.com/store/product/7091664/velcro-industrial-strength-sticky-back-hook-and-loop-fasteners,https://us.vwr.com/stibo/smallweb/std.lang.all/95/99/23209599.jpg,Description: 50% stronger than standard hook and loop fasteners
Adhesives,NA,82002-812,"PRISM® 460™ Low Odor/Low Bloom Instant Adhesive, Loctite®, Henkel 20 g (0.7 oz.) bottle",1,$76.22,https://us.vwr.com/store/product/4600726/prism-460tm-low-odor-low-bloom-instant-adhesive-loctite-henkel,https://us.vwr.com/stibo/smallweb/std.lang.all/62/01/4906201.jpg,Description: This low-viscosity adhesive instantly bonds components with minimal fumes or odors and has non-blooming characteristics.
Adhesives,NA,500027-094,"Duck® Double-Stick Foam Mounting Tape Permanent double-sided adhesive mounting tape, White, 3/4×15 '",1,$6.52,https://us.vwr.com/store/product/7092652/duck-double-stick-foam-mounting-tape,https://us.vwr.com/stibo/smallweb/std.lang.all/85/14/22878514.jpg,Description: Permanent foam mounting tape has an aggressive adhesive tack that is also moisture resistant
Adhesives,NA,500027-091,"Duck® Double-Stick Foam Mounting Tape Permanent double-sided adhesive mounting tape, -, 3/4×36 yd.",1,$24.33,https://us.vwr.com/store/product/7092652/duck-double-stick-foam-mounting-tape,https://us.vwr.com/stibo/smallweb/std.lang.all/85/14/22878514.jpg,Description: Permanent foam mounting tape has an aggressive adhesive tack that is also moisture resistant
Adhesives,NA,470020-452,Adhesive Clips,10,$14.35,https://us.vwr.com/store/product/8865660/adhesive-clips,https://us.vwr.com/stibo/smallweb/std.lang.all/84/71/10148471.jpg,Description: Use clips to attach string to any vertical surface for ballistics determinations.
Adhesives,NA,82002-806,"Super Bonder® 422™ Instant Adhesive, Loctite®, Henkel 28.3 g (1 oz.) bottle",10,$335.68,https://us.vwr.com/store/product/4600757/super-bonder-422tm-instant-adhesive-loctite-henkel,https://us.vwr.com/stibo/smallweb/std.lang.all/61/94/4906194.jpg,Description: This adhesive is formulated for applications requiring higher viscosity and slower fixturing speeds than other instant adhesives.
Adhesives,NA,500031-570,"Nekoosa Fan-Out Padding Adhesive Fan-Out Padding Adhesive, Clear, 32 oz.",1,$58.03,https://us.vwr.com/store/product/7082867/nekoosa-fan-out-padding-adhesive,https://us.vwr.com/stibo/smallweb/std.lang.all/92/98/23229298.jpg,Description: Allows you to fan paper apart into forms.
Adhesives,NA,500031-578,"Krazy® Glue All Purpose Glue Adhesive KrazyGlue, Clear, 0.070 oz.",1,$2.17,https://us.vwr.com/store/product/7082148/krazy-glue-all-purpose-glue,https://us.vwr.com/stibo/smallweb/std.lang.all/09/24/23630924.jpg,Description: All-purpose formula is great for everyday household repairs.
Adhesives,NA,470001-912,Duco Cement,1,$9.90,https://us.vwr.com/store/product/16587143/duco-cement,https://us.vwr.com/stibo/smallweb/std.lang.all/01/54/24650154.jpg,"Description: Fast-drying, medium-strength cement dries clear."
Adhesives,NA,500041-008,"Loctite® Professional Super Glue, Henkel Super glue, Clear, 0.990 oz.",1,$6.70,https://us.vwr.com/store/product/7092656/loctite-professional-super-glue-henkel,https://us.vwr.com/stibo/smallweb/std.lang.all/14/27/22881427.jpg,Description: Professional-strength super glue is great for heavy-duty repairs and projects.
Adhesives,NA,19807-542,"Quick Set™ 404™ Instant Adhesive, Loctite®, Henkel 9.3 g (0.33 oz.) bottle",1,$43.30,https://us.vwr.com/store/product/4600744/quick-settm-404tm-instant-adhesive-loctite-henkel,https://us.vwr.com/stibo/smallweb/std.lang.all/47/75/4904775.jpg,"Description: Quick Set™ 404™ adhesive is a general-purpose, medium-viscosity, instant adhesive."
Adhesives,NA,300050-790,"2 Ton® Clear Epoxy, Devcon Dev-Tube 2Tonclear epoxy, Clear, White, 25 ml, 0.17 lbs., Dual Syringe Tube",1,$25.88,https://us.vwr.com/store/product/7604068/2-ton-clear-epoxy-devcon,https://us.vwr.com/stibo/smallweb/std.lang.all/97/26/7619726.jpg,Description: This is an extremely strong clear epoxy.
Adhesives,NA,300050-780,"2 Ton® Clear Epoxy, Devcon Mark5 2ton epoxy, Clear, White, 50 ml, 0.15 lbs., Dev-Pak™",1,$51.13,https://us.vwr.com/store/product/7604068/2-ton-clear-epoxy-devcon,https://us.vwr.com/stibo/smallweb/std.lang.all/97/26/7619726.jpg,Description: This is an extremely strong clear epoxy.
Adhesives,NA,19806-001,Permabond® 910 and 910FS Adhesives 3 g (0.1 oz) tube,1,$14.70,https://us.vwr.com/store/product/4600733/permabond-910-and-910fs-adhesives,https://us.vwr.com/stibo/smallweb/std.lang.all/80/24/4648024.jpg,Description: Permabond® 910 is a general-purpose methyl cyanoacrylate adhesive that provides high strength on metal and is suitable for bonding plastics and rubber...
Adhesives,NA,19806-003,Permabond® 910 and 910FS Adhesives 28 g (1 oz.) tube,1,$60.87,https://us.vwr.com/store/product/4600733/permabond-910-and-910fs-adhesives,https://us.vwr.com/stibo/smallweb/std.lang.all/80/24/4648024.jpg,Description: Permabond® 910 is a general-purpose methyl cyanoacrylate adhesive that provides high strength on metal and is suitable for bonding plastics and rubber...
Adhesives,NA,76247-248,"Dow DOWSIL™ Adhesive, Silicone, Ellsworth Adhesives Silicone adhesive, specific gravity 1.12 at 25 °C, Clear",1,$512.29,https://us.vwr.com/store/product/24814765/dow-dowsiltm-adhesive-silicone-ellsworth-adhesives,https://us.vwr.com/supplier/smallweb/ImageUnavailable.jpg,Description: This silicone adhesive Ideal for sealing openings in modules and housings; adding mechanical stability to individual components; assembly of component...
Adhesives,NA,470227-584,"Washable Glue, 16 oz. Washable glue, 473 ml (16 oz.)",1,$5.85,https://us.vwr.com/store/product/38018884/washable-glue-16-oz,https://us.vwr.com/stibo/smallweb/std.lang.all/37/13/38013713.jpg,Description: All Handy Art glue is proudly made in the USA.
Adhesives,NA,82002-810,"Super Bonder® 430™ Instant Adhesive, Loctite®, Henkel 28.3 g (1 oz.) bottle",10,$325.68,https://us.vwr.com/store/product/4600759/super-bonder-430tm-instant-adhesive-loctite-henkel,https://us.vwr.com/stibo/smallweb/std.lang.all/61/95/4906195.jpg,Description: Super Bonder® 430™ adhesive is a general industrial-grade cyanoacrylate adhesive.
Adhesives,NA,470042-278,"Velcro Strip 2×24""",1,$9.95,https://us.vwr.com/store/product/29193633/velcro-strip,https://us.vwr.com/stibo/smallweb/std.lang.all/33/36/28903336.jpg,"Description: 2×24"""
Adhesives,NA,500033-476,"Elmer's® Washable School Glue Glue, White application, Clear dry, 5 oz.",1,$3.62,https://us.vwr.com/store/product/7082153/elmer-s-washable-school-glue,https://us.vwr.com/stibo/smallweb/std.lang.all/62/03/23166203.jpg,Description: Generations of school children have grown up with Elmer's white school glue.
Adhesives,NA,500033-590,"Elmer's® Washable School Glue Glue, washable, White application, Clear dry, 1 gal.",1,$29.42,https://us.vwr.com/store/product/7082153/elmer-s-washable-school-glue,https://us.vwr.com/stibo/smallweb/std.lang.all/62/03/23166203.jpg,Description: Generations of school children have grown up with Elmer's white school glue.
Adhesives,NA,500033-592,"Elmer's® Washable School Glue Glue, washable, White application, Clear dry, 1.25 oz.",1,$1.35,https://us.vwr.com/store/product/7082153/elmer-s-washable-school-glue,https://us.vwr.com/stibo/smallweb/std.lang.all/62/03/23166203.jpg,Description: Generations of school children have grown up with Elmer's white school glue.
Adhesives,NA,500033-594,"Elmer's® Washable School Glue Glue, washable, White application, Clear dry, 4 oz.",1,$2.43,https://us.vwr.com/store/product/7082153/elmer-s-washable-school-glue,https://us.vwr.com/stibo/smallweb/std.lang.all/62/03/23166203.jpg,Description: Generations of school children have grown up with Elmer's white school glue.
Adhesives,NA,500033-596,"Elmer's® Washable School Glue Glue, washable, White application, Clear dry, 7.625 oz.",1,$3.78,https://us.vwr.com/store/product/7082153/elmer-s-washable-school-glue,https://us.vwr.com/stibo/smallweb/std.lang.all/62/03/23166203.jpg,Description: Generations of school children have grown up with Elmer's white school glue.
Adhesives,NA,19807-518,"Threadlocker 262™ Permanent-Grade Adhesive, Loctite®, Henkel 50 ml (1.69 oz.) bottle, Red",1,$62.81,https://us.vwr.com/store/product/4601484/threadlocker-262tm-permanent-grade-adhesive-loctite-henkel,https://us.vwr.com/stibo/smallweb/std.lang.all/62/04/4906204.jpg,"Description: Permanent, high-strength product for locking fasteners 6.4 to 19mm (¼ to ¾"") in diameter that must withstand heavy shock and vibration."
Adhesives,NA,82002-790,"PRISM® 406™ Instant Adhesive, Surface Insenstive, Loctite®, Henkel 20 g (0.7 oz.) bottle",10,$760.44,https://us.vwr.com/store/product/4600746/prism-406tm-instant-adhesive-surface-insenstive-loctite-henkel,https://us.vwr.com/stibo/smallweb/std.lang.all/42/68/4674268.jpg,Description: This low-viscosity adhesive is excellent for almost all surfaces.
Adhesives,NA,82002-804,"Super Bonder® 420™ Instant Adhesive, Loctite®, Henkel 28.3 g (1 oz.) bottle",10,$318.58,https://us.vwr.com/store/product/4600755/super-bonder-420tm-instant-adhesive-loctite-henkel,https://us.vwr.com/stibo/smallweb/std.lang.all/61/93/4906193.jpg,Description: Super Bonder® 420™ adhesive is designed to penetrate by capillary action between preassembled components.
Adhesives,NA,19807-530,"PRISM® 401™ Instant Adhesive, Surface Insensitive, Loctite®, Henkel 3 g (0.1 oz.) tube",1,$342.42,https://us.vwr.com/store/product/4600742/prism-401tm-instant-adhesive-surface-insensitive-loctite-henkel,https://us.vwr.com/stibo/smallweb/std.lang.all/47/74/4904774.jpg,Description: This surface-insensitive adhesive is ideal for difficult-to-bond substrates.
Adhesives,NA,19807-532,"PRISM® 401™ Instant Adhesive, Surface Insensitive, Loctite®, Henkel 20 g (0.7 oz.) tube",1,$851.51,https://us.vwr.com/store/product/4600742/prism-401tm-instant-adhesive-surface-insensitive-loctite-henkel,https://us.vwr.com/stibo/smallweb/std.lang.all/47/74/4904774.jpg,Description: This surface-insensitive adhesive is ideal for difficult-to-bond substrates.
Adhesives,NA,37001-742,"PRISM® 401™ Instant Adhesive, Surface Insensitive, Loctite®, Henkel 20 g (0.7 oz.) tube",10,$715.25,https://us.vwr.com/store/product/4600742/prism-401tm-instant-adhesive-surface-insensitive-loctite-henkel,https://us.vwr.com/stibo/smallweb/std.lang.all/47/74/4904774.jpg,Description: This surface-insensitive adhesive is ideal for difficult-to-bond substrates.
Adhesives,NA,76245-654,"Velcro® Hook, Self Adhesive, Sid Tool Co Velcro® Hook, Self Adhesive, Black, 1""",1,$162.76,https://us.vwr.com/store/product/25129866/velcro-hook-self-adhesive-sid-tool-co,https://us.vwr.com/supplier/smallweb/ImageUnavailable.jpg,"Description: Velcro® Hook, Self Adhesive"
Adhesives,NA,76244-342,"Velcro® Hook, Self Adhesive, Sid Tool Co Velcro® Hook, Self Adhesive, Black, 2""",1,"$1,315.21",https://us.vwr.com/store/product/25129866/velcro-hook-self-adhesive-sid-tool-co,https://us.vwr.com/supplier/smallweb/ImageUnavailable.jpg,"Description: Velcro® Hook, Self Adhesive"
Adhesives,NA,470017-286,Rubber Cement,1,$12.90,https://us.vwr.com/store/product/8886269/rubber-cement,https://us.vwr.com/stibo/smallweb/std.lang.all/68/31/44226831.jpg,"Description: Use rubber cement with photographs, paper, and more."
Adhesives,NA,37001-740,"PRISM® 454™ Instant Gel Adhesive, Surface Insensitive, Loctite®, Henkel 3 g (0.1 oz.) tube",10,$203.06,https://us.vwr.com/store/product/4600761/prism-454tm-instant-gel-adhesive-surface-insensitive-loctite-henkel,https://us.vwr.com/stibo/smallweb/std.lang.all/62/06/4906206.jpg,Description: Surface-insensitive adhesive in gel form.
Adhesives,NA,19807-540,"PRISM® 454™ Instant Gel Adhesive, Surface Insensitive, Loctite®, Henkel 20 g (0.71 oz.) tube",1,$886.96,https://us.vwr.com/store/product/4600761/prism-454tm-instant-gel-adhesive-surface-insensitive-loctite-henkel,https://us.vwr.com/stibo/smallweb/std.lang.all/62/06/4906206.jpg,Description: Surface-insensitive adhesive in gel form.
Adhesives,NA,500033-570,"Elmer's® Extra-Strength Office Glue Stick Glue stick, White application, Clear dry, 0.28 oz.",24,$22.58,https://us.vwr.com/store/product/7091487/elmer-s-extra-strength-office-glue-stick,https://us.vwr.com/stibo/smallweb/std.lang.all/74/02/23747402.jpg,Description: Perfect for tasks around the office.
Adhesives,NA,76313-908,"LOCTITE® 272 Thread lockers, Henkel Corporation Thread Lockers, 50 ml, Bottle",1,$75.90,https://us.vwr.com/store/product/26061588/loctite-272-thread-lockers-henkel-corporation,https://us.vwr.com/stibo/smallweb/std.lang.all/42/47/26074247.jpg,Description: Ideal for applications where any migration of the adhesive must be prevented.
Adhesives,NA,82002-818,"Super Bonder® 499™ Thermal Cycling-Resistant Gel Adhesive, Loctite®, Henkel 20 g (0.7 oz.) tube",10,$331.46,https://us.vwr.com/store/product/4600805/super-bonder-499tm-thermal-cycling-resistant-gel-adhesive-loctite-henkel,https://us.vwr.com/stibo/smallweb/std.lang.all/62/08/4906208.jpg,"Description: This thixotropic high-viscosity, high-temperature gel formulation bonds all metals, and most plastics and rubber compounds."
Adhesives,NA,19807-552,"PST® 565™ Thread Sealant, Loctite®, Henkel 250 ml (8.5 oz.) tube",1,$88.45,https://us.vwr.com/store/product/4600828/pst-565tm-thread-sealant-loctite-henkel,https://us.vwr.com/stibo/smallweb/std.lang.all/62/07/4906207.jpg,Description: PST® 565™ cures rapidly to provide low-pressure sealing for metal tapered pipe thread fittings.
Adhesives,NA,76313-914,"LOCTITE® SF 7649 Primers, Henkel Corporation Primers, 4.5 oz.",1,$43.52,https://us.vwr.com/store/product/26062972/loctite-sf-7649-primers-henkel-corporation,https://us.vwr.com/stibo/smallweb/std.lang.all/42/46/26074246.jpg,"Description: Designed to promote the curing speed of LOCTITE® anaerobic adhesives and sealants, without any significant loss of joint strength."
Adhesives,NA,300052-850,"454™ Prism® Instant Adhesive, Surface Insensitive Gel, Loctite Cyanoacrylate, Clear, 10 g, Tube, 15 s @ 77 °F, 10 g",1,$72.21,https://us.vwr.com/store/product/7604080/454tm-prism-instant-adhesive-surface-insensitive-gel-loctite,https://us.vwr.com/stibo/smallweb/std.lang.all/00/08/7620008.jpg,Description: A surface insensitive instant adhesive gel.
Adhesives,NA,500031-580,"Scotch® Photo Mount™ Spray Adhesive, 3M Adhescive spray, aerosol, Clear, 10.250 oz, Can",1,$17.51,https://us.vwr.com/store/product/7082143/scotch-photo-mounttm-spray-adhesive-3m,https://us.vwr.com/stibo/smallweb/std.lang.all/97/65/7749765.jpg,"Description: An excellent choice for mounting photographs, art prints, maps and drawings."
Adhesives,NA,500043-737,"Scotch® Adhesive Dot Roller Refill, 3M Adhesive dots, Clear",1,$5.35,https://us.vwr.com/store/product/7094437/scotch-adhesive-dot-roller-refill-3m,https://us.vwr.com/stibo/smallweb/std.lang.all/28/87/22782887.jpg,Description: Refill for Adhesive Dot Roller.
Adhesives,NA,19807-536,"Super Bonder® 414™ Instant Adhesive Plastic Bonder, Loctite®, Henkel 28.4 g (1 oz.) bottle",1,$914.30,https://us.vwr.com/store/product/4600751/super-bonder-414tm-instant-adhesive-plastic-bonder-loctite-henkel,https://us.vwr.com/stibo/smallweb/std.lang.all/47/76/4904776.jpg,Description: This is a medium-viscosity adhesive.
Adhesives,NA,19807-534,"Super Bonder® 414™ Instant Adhesive Plastic Bonder, Loctite®, Henkel 3 g (0.1 oz.) tube",1,$7.48,https://us.vwr.com/store/product/4600751/super-bonder-414tm-instant-adhesive-plastic-bonder-loctite-henkel,https://us.vwr.com/stibo/smallweb/std.lang.all/47/76/4904776.jpg,Description: This is a medium-viscosity adhesive.
Adhesives,NA,500031-574,"Krazy® Glue Single-Use Tubes Adhesive KrazyGlue, Clear, 0.070 oz.",4,$4.25,https://us.vwr.com/store/product/7082154/krazy-glue-single-use-tubes,https://us.vwr.com/stibo/smallweb/std.lang.all/73/84/23557384.jpg,Description: Single-use applicators have just enough in each tube for one fast fix.
Adhesives,NA,300052-872,"Quicktite® Instant Adhesive Gel, Loctite, Henkel Quicktite instant adhesive gel, Clear, 0.14 oz., Bottle",1,$17.69,https://us.vwr.com/store/product/7604047/quicktite-instant-adhesive-gel-loctite-henkel,https://us.vwr.com/stibo/smallweb/std.lang.all/56/02/18985602.jpg,"Description: A general-purpose instant adhesive featuring an innovative, precision flow control applicator."
Adhesives,NA,470101-400,"Glue Gun Glue Sticks, 7/16""",6,$3.20,https://us.vwr.com/store/product/8875944/glue-gun,https://us.vwr.com/stibo/smallweb/std.lang.all/49/84/25514984.jpg,Description: This is a low temperature mini glue gun.
Adhesives,NA,75816-188,"Mark 5 Mix Nozzle, Devcon Mark 5 Mix Nozzle",12,$36.13,https://us.vwr.com/store/product/7604095/mark-5-mix-nozzle-devcon,https://us.vwr.com/stibo/smallweb/std.lang.all/24/97/22662497.jpg,Description: It is an ideal mixing and delivery tool for Devcon.
Adhesives,NA,19807-528,"Black Max® 380™ Toughened Instant Adhesive, Loctite 28.4 g (1 oz.) bottle, Black",1,"$1,047.09",https://us.vwr.com/store/product/4600738/black-max-380tm-toughened-instant-adhesive-loctite,https://us.vwr.com/stibo/smallweb/std.lang.all/00/39/4640039.jpg,Description: Black Max® 380™ is the original elastomer-modified instant adhesive.
Adhesives,NA,76245-582,"3M™ Scotch-Weld™ Metal Primer Metal Primer, Red",1,$138.97,https://us.vwr.com/store/product/25209825/3mtm-scotch-weldtm-metal-primer,https://us.vwr.com/supplier/smallweb/ImageUnavailable.jpg,"Description: 3M™ Scotch-Weld™ metal primer is a one-component, metal and glass primer designed for applications using 3M™ Scotch-Weld™ film and liquid structural a..."
Adhesives,NA,500031-592,"Elmer's® Multi-Purpose Spray Adhesive Adhesive spray, aerosol, Clear, 11 oz., Can",1,$9.77,https://us.vwr.com/store/product/7091489/elmer-s-multi-purpose-spray-adhesive,https://us.vwr.com/stibo/smallweb/std.lang.all/09/27/23630927.jpg,"Description: Specially formulated for mounting items to a variety of surfaces, including plastics."
Adhesives,NA,82002-768,"PRISM® 4011™ Low Viscosity Instant Adhesive, Loctite®, Henkel 20 g (0.7 oz.) bottle",10,$892.95,https://us.vwr.com/store/product/18715993/prism-4011tm-low-viscosity-instant-adhesive-loctite-henkel,https://us.vwr.com/supplier/smallweb/ImageUnavailable.jpg,"Description: LOCTITE® 4011™ Prism® low viscosity is a one part, room temperature cure, surface insensitive, instant adhesive."
Adhesives,NA,19807-524,"Threadlocker 290™ Wicking-Grade Adhesive, Loctite®, Henkel 50 ml (1.69 oz.) bottle, Green",1,$59.27,https://us.vwr.com/store/product/4601479/threadlocker-290tm-wicking-grade-adhesive-loctite-henkel,https://us.vwr.com/stibo/smallweb/std.lang.all/62/05/4906205.jpg,"Description: This medium-strength, low-viscosity threadlocker is designed to penetrate preassembled fastener threads by capillary action."
Adhesives,NA,500033-506,"Universal® Permanent Glue Stick Glue stick, Clear application, Clear dry, 0.28 oz.",12,$7.34,https://us.vwr.com/store/product/7082159/universal-permanent-glue-stick,https://us.vwr.com/stibo/smallweb/std.lang.all/44/45/22924445.jpg,"Description: Washable and acid-free for use on paper, cardboard, photos, or fabric."
Adhesives,NA,500033-508,"Universal® Permanent Glue Stick Glue stick, Clear application, Clear dry, 0.74 oz.",12,$19.74,https://us.vwr.com/store/product/7082159/universal-permanent-glue-stick,https://us.vwr.com/stibo/smallweb/std.lang.all/44/45/22924445.jpg,"Description: Washable and acid-free for use on paper, cardboard, photos, or fabric."
Adhesives,NA,19807-522,"Threadlocker 277™ Permanent-Grade Adhesive, Loctite®, Henkel 50 ml (1.69 oz.) bottle",1,$55.30,https://us.vwr.com/store/product/4601476/threadlocker-277tm-permanent-grade-adhesive-loctite-henkel,https://us.vwr.com/stibo/smallweb/std.lang.all/47/80/4904780.jpg,"Description: Threadlocker 277™ sealant is a high-strength, high-viscosity grade sealant for locking fasteners up to 3.8cm (1½"")."
Adhesives,NA,470017-524,Vernier® Photogate Bar Tape Photogate Bar Tape,1,$16.99,https://us.vwr.com/store/product/8883579/vernier-photogate-bar-tape,https://us.vwr.com/stibo/smallweb/std.lang.all/35/95/10243595.jpg,Description: This tape allows you to broaden your study on motion.
Adhesives,NA,500031-590,"Scotch® Spray Mount™ Artist’s Adhesive, 3M Adhesive spray, repositionable aerosol, Clear, 10.250 oz., Can",1,$17.87,https://us.vwr.com/store/product/7082145/scotch-spray-mounttm-artists-adhesive-3m,https://us.vwr.com/stibo/smallweb/std.lang.all/97/63/7749763.jpg,Description: Perfect for positioning and repositioning lightweight materials.
Adhesives,NA,300001-045,"Cold Weld Compounds, J-B Weld JB Welding skin card, Dark Grey, 29 ml (1 oz.), 0.19 lbs., Skin Packed",1,$18.06,https://us.vwr.com/store/product/7604182/cold-weld-compounds-j-b-weld,https://us.vwr.com/stibo/smallweb/std.lang.all/02/50/7620250.jpg,"Description: This is an easy, convenient, and inexpensive alternative to welding, soldering, and brazing."
Adhesives,NA,500000-050,"Duck® Removable Poster Putty®, Essendant Adhesive mounting putty, 2 oz.",2,$3.03,https://us.vwr.com/store/product/7083670/duck-removable-poster-putty-essendant,https://us.vwr.com/stibo/smallweb/std.lang.all/56/37/7665637.jpg,"Description: Great for temporary mounting of paper items such as posters, charts and decorations"
Adhesives,NA,82002-798,"Super Bonder® 415™ Instant Adhesive, Loctite®, Henkel 28.3 g (1 oz.) bottle",1,$68.39,https://us.vwr.com/store/product/4600753/super-bonder-415tm-instant-adhesive-loctite-henkel,https://us.vwr.com/stibo/smallweb/std.lang.all/61/91/4906191.jpg,Description: Super Bonder® 415™ is a high-viscosity adhesive.
Adhesives,NA,500033-504,"Elmer's® Washable School Glue Sticks Repositionable glue stick, Purple application, Clear dry, 0.24 oz.",4,$5.60,https://us.vwr.com/store/product/7086821/elmer-s-washable-school-glue-sticks,https://us.vwr.com/stibo/smallweb/std.lang.all/79/59/23207959.jpg,"Description: Ideal for school projects, these easy to use, easy to clean up, washable glue sticks are a favorite choice for teachers everywhere."
Adhesives,NA,500033-499,"Elmer's® Washable School Glue Sticks Repositionable glue stick, Clear application, Clear dry, 0.24 oz.",30,$30.00,https://us.vwr.com/store/product/7086821/elmer-s-washable-school-glue-sticks,https://us.vwr.com/stibo/smallweb/std.lang.all/79/59/23207959.jpg,"Description: Ideal for school projects, these easy to use, easy to clean up, washable glue sticks are a favorite choice for teachers everywhere."
Adhesives,NA,500033-502,"Elmer's® Washable School Glue Sticks Repositionable glue stick, Clear application, Clear dry, 0.24 oz.",4,$5.60,https://us.vwr.com/store/product/7086821/elmer-s-washable-school-glue-sticks,https://us.vwr.com/stibo/smallweb/std.lang.all/79/59/23207959.jpg,"Description: Ideal for school projects, these easy to use, easy to clean up, washable glue sticks are a favorite choice for teachers everywhere."
Adhesives,NA,300007-399,"ZipGrip® GPE 3 Cyanoacrylate Adhesives, Permatex® Perma-Tex Zip Grip, Clear, 0.08 lb., Bottle",1,$69.74,https://us.vwr.com/store/product/7604062/zipgrip-gpe-3-cyanoacrylate-adhesives-permatex,https://us.vwr.com/stibo/smallweb/std.lang.all/97/59/7619759.jpg,Description: A low-viscosity instant adhesive for tight-fitting parts.
Adhesives,NA,470093-360,"Velcro, Hooks and Loops, 234 cm",1,$15.90,https://us.vwr.com/store/product/8891730/velcro-hooks-and-loops,https://us.vwr.com/supplier/smallweb/ImageUnavailable.jpg,"Description: Velcro, Hooks and Loops"
Adhesives,NA,89235-834,"Hi-Strength 90 Spray Adhesive, 3M Industrial Adhesive, 709.7 ml (24 oz.)",1,$39.69,https://us.vwr.com/store/product/9850844/hi-strength-90-spray-adhesive-3m-industrial,https://us.vwr.com/stibo/smallweb/std.lang.all/08/47/9850847.jpg,"Description: Spray adhesive can be used for decorative laminate bonding to tables, cabinets, and shelving, and for bonding kick plates."
Adhesives,NA,470133-570,Jet Glue,1,$23.05,https://us.vwr.com/store/product/21967853/jet-glue,https://us.vwr.com/supplier/smallweb/ImageUnavailable.jpg,Description: Jet Glue
Adhesives,NA,82002-816,"Super Bonder® 498™ Thermal Cycling-Resistant Adhesive, Loctite®, Henkel 28.3 g (1 oz.) bottle",10,$762.28,https://us.vwr.com/store/product/4600768/super-bonder-498tm-thermal-cycling-resistant-adhesive-loctite-henkel,https://us.vwr.com/stibo/smallweb/std.lang.all/61/97/4906197.jpg,"Description: Super Bonder® 498™ adhesive bonds all metals, and most plastics and rubbers."
Adhesives,NA,300007-412,"Ultra Series® RTV Silicone Gasket Maker, Sensor-safe, Permatex® Permatex Ultra Blue RTV, Blue, 13 oz. (384 ml), 0.92 lbs., Cartridge",12,"$1,130.46",https://us.vwr.com/store/product/7835674/ultra-series-rtv-silicone-gasket-maker-sensor-safe-permatex,https://us.vwr.com/stibo/smallweb/std.lang.all/46/05/18984605.jpg,"Description: Its sensor-safe, low odor, non-corrosive."
Adhesives,NA,300001-034,"660™ Quick Metal® Retaining Compound, Loctite, Henkel Quick Metal® Retaining compound, Silver, 50 ml, Tube",1,$64.40,https://us.vwr.com/store/product/7604172/660tm-quick-metal-retaining-compound-loctite-henkel,https://us.vwr.com/stibo/smallweb/std.lang.all/00/42/7620042.jpg,"Description: A creamy, non-running adhesive/sealant with mild odor."
Adhesives,NA,76313-910,"LOCTITE® 640 Retaining Compounds, Henkel Corporation Retaining Compounds, 50 ml",1,$72.23,https://us.vwr.com/store/product/26062950/loctite-640-retaining-compounds-henkel-corporation,https://us.vwr.com/stibo/smallweb/std.lang.all/42/48/26074248.jpg,Description: Ideal for parts requiring a longer positioning time.
Adhesives,NA,82002-788,"PRISM® 403™ Low Odor/Low Bloom Instant Adhesive, Loctite®, Henkel 20 g (0.7 oz.) bottle",10,$369.55,https://us.vwr.com/store/product/4600728/prism-403tm-low-odor-low-bloom-instant-adhesive-loctite-henkel,https://us.vwr.com/stibo/smallweb/std.lang.all/62/02/4906202.jpg,Description: Medium-viscosity adhesive bonds cosmetically-sensitive parts with minimal fumes or odors.
Adhesives,NA,500043-736,"Scotch® Adhesive Dot Roller, 3M Adhesive dots, Clear",1,$5.95,https://us.vwr.com/store/product/7094436/scotch-adhesive-dot-roller-3m,https://us.vwr.com/stibo/smallweb/std.lang.all/28/83/22782883.jpg,Description: Double-sided adhesive dots offer precise application and mess-free bonding.
Adhesives,NA,500031-576,"Krazy® Glue Advanced Formula Glue Adhesive KrazyGlue, Clear, 0.18 oz.",1,$3.18,https://us.vwr.com/store/product/7091491/krazy-glue-advanced-formula-glue,https://us.vwr.com/stibo/smallweb/std.lang.all/45/67/23634567.jpg,"Description: Advanced formula provides an extra strong, durable shock-resistant bond on ceramic, glass, metal, plastic, wood, and rubber."
Adhesives,NA,75878-454,"Gorilla Glue® Super Glue Instant bond super glue, 10 g",1,$12.75,https://us.vwr.com/store/product/27276100/gorilla-glue-super-glue,https://us.vwr.com/stibo/smallweb/std.lang.all/15/29/26631529.jpg,"Description: Gorilla Super Glue makes a strong, instant bond with an Impact-Tough™ formula for a less brittle bond."
Adhesives,NA,75878-456,"Gorilla Glue® Super Glue Instant bond super glue, 15 g",1,$15.76,https://us.vwr.com/store/product/27276100/gorilla-glue-super-glue,https://us.vwr.com/stibo/smallweb/std.lang.all/15/29/26631529.jpg,"Description: Gorilla Super Glue makes a strong, instant bond with an Impact-Tough™ formula for a less brittle bond."
Adhesives,NA,500000-053,"Scotch® Removable Wall Mounting Tabs, 3M Removable, repositionable double-sided adhesive mounting tape, White, 1×1""",16,$2.43,https://us.vwr.com/store/product/7087464/scotch-removable-wall-mounting-tabs-3m,https://us.vwr.com/stibo/smallweb/std.lang.all/81/55/33678155.jpg,"Description: Mount posters, signs and banners securely with these precut double-sided mounting tabs"
Adhesives,NA,470024-626,"Liquid Cyanoacrylate Glue Glue, 1 oz.",1,$21.95,https://us.vwr.com/store/product/8879577/liquid-cyanoacrylate-glue,https://us.vwr.com/stibo/smallweb/std.lang.all/44/08/10314408.jpg,Description: This glue is suitable for use in forensics.
Adhesives,NA,500027-092,"Scotch® Clear Mounting Squares, Removable, 3M Permanent double-sided adhesive mounting tape, Clear, 11/16×11/16 """,35,$3.11,https://us.vwr.com/store/product/7087458/scotch-clear-mounting-squares-removable-3m,https://us.vwr.com/stibo/smallweb/std.lang.all/92/10/22829210.jpg,"Description: Hang notes, photos and other lightweight items on metal, glass, wood, plastic—most smooth surfaces"
Adhesives,NA,500039-438,"Scotch® Adhesive Putty, 3M Adhesive, removable and reusable, 2 oz.",1,$1.98,https://us.vwr.com/store/product/7092953/scotch-adhesive-putty-3m,https://us.vwr.com/stibo/smallweb/std.lang.all/13/77/22881377.jpg,Description: Removable adhesive putty.
Adhesives,NA,500033-560,"Stanley Bostitch® Dual Temperature Glue Sticks Glue Gun Stick Adhesive, Clear",24,$6.19,https://us.vwr.com/store/product/7092661/stanley-bostitch-dual-temperature-glue-sticks,https://us.vwr.com/stibo/smallweb/std.lang.all/77/18/23327718.jpg,Description: Glue sticks for GlueShot™ Dual Melt™ Glue Gun BOS-GR25-2 (sold separately).
Adhesives,NA,300078-306,"10 Minute™ Epoxy, Devcon 10 min epoxy putty, Black, 50 ml, -, Dev-Pak™",1,$54.81,https://us.vwr.com/store/product/7604066/10-minutetm-epoxy-devcon,https://us.vwr.com/stibo/smallweb/std.lang.all/97/17/7619717.jpg,"Description: This flexible epoxy provides excellent adhesion to metals and superior peel, impact, and chemical resistance."
Adhesives,NA,300038-926,"10 Minute™ Epoxy, Devcon Clear epoxy putty 10 min, Clear, 50 ml, 0.17 lbs., Dev-Pak™",12,$696.58,https://us.vwr.com/store/product/7604066/10-minutetm-epoxy-devcon,https://us.vwr.com/stibo/smallweb/std.lang.all/97/17/7619717.jpg,"Description: This flexible epoxy provides excellent adhesion to metals and superior peel, impact, and chemical resistance."
Adhesives,NA,19806-014,Permabond® QFS16 Ozone-Safe Accelerator 113 g (4 oz.) pump spray,1,$62.19,https://us.vwr.com/store/product/4597559/permabond-qfs16-ozone-safe-accelerator,https://us.vwr.com/stibo/smallweb/std.lang.all/32/19/4673219.jpg,Description: This accelerator is for use with all Permabond® cyanoacrylate adhesives.
Adhesives,NA,500012-961,Stanley Bostitch® GlueShot™ Dual Melt™ Glue Gun GlueShot™ Dual Melt™ Glue Gun,1,$17.08,https://us.vwr.com/store/product/7087905/stanley-bostitch-glueshottm-dual-melttm-glue-gun,https://us.vwr.com/stibo/smallweb/std.lang.all/94/13/22829413.jpg,Description: The Stanley Bostitch® GlueShot™ Dual Melt™ Glue Gun offers the versatility of both high and low temperature gluing in one gun.
Adhesives,NA,82013-650,"Nuva-Sil® 5248™ Medical Device Sealant, Loctite®, Henkel 300 ml (10 oz.) cartridge",1,$267.75,https://us.vwr.com/store/product/4600826/nuva-sil-5248tm-medical-device-sealant-loctite-henkel,https://us.vwr.com/stibo/smallweb/std.lang.all/62/00/4906200.jpg,"Description: This single-component, medium-grade silicone sealant is ideal for gasketing and sealing elastomer, metal, and glass, especially on medical devices."
Adhesives,NA,BT135270-25G,"Silver Two Part Conductive Adhesive, BeanTown Chemical Conductive adhesive set, two parts, Silver, 25 g",1,$681.38,https://us.vwr.com/store/product/16637942/silver-two-part-conductive-adhesive-beantown-chemical,https://us.vwr.com/supplier/smallweb/BTC_33669.jpg,Description: MDL No: MFCD00003397
Adhesives,NA,BT135270-10G,"Silver Two Part Conductive Adhesive, BeanTown Chemical Conductive adhesive set, two parts, Silver, 10 g",1,$295.99,https://us.vwr.com/store/product/16637942/silver-two-part-conductive-adhesive-beantown-chemical,https://us.vwr.com/supplier/smallweb/BTC_33669.jpg,Description: MDL No: MFCD00003397
Adhesives,NA,37001-751,"7701™ Prism® Primer, Loctite, Henkel Primer Pris med 7701, Colorless, 1.75 oz.",20,$513.85,https://us.vwr.com/store/product/25436000/7701tm-prism-primer-loctite-henkel,https://us.vwr.com/supplier/smallweb/ImageUnavailable.jpg,Description: This primer is used to make polyolefin and other low energy surfaces suitable for bonding with cyanoacrylate adhesives.
Adhesives,NA,470150-138,"Scotch® Foam Mounting Squares, Eaton Office supply Permanent Mounting, 16 per Pack, 1W×1""L",1,$3.00,https://us.vwr.com/store/product/27564703/scotch-foam-mounting-squares-eaton-office-supply,https://us.vwr.com/supplier/smallweb/ImageUnavailable.jpg,Description: Double-coated foam squares are ideal for mounting artwork and decorations to a variety of surfaces.
Adhesives,NA,300007-389,"Plastic Steel® 5 Minute® Putty (SF), Devcon Pastic/steel 5 min putty, Dark Grey",1,$201.09,https://us.vwr.com/store/product/7604041/plastic-steel-5-minute-putty-sf-devcon,https://us.vwr.com/stibo/smallweb/std.lang.all/45/47/18984547.jpg,"Description: Fast-curing, steel-filled epoxy for emergency repairs at temperatures as low as 40°F."
Adhesives,NA,82002-774,"Loctite® 3311 Light Cure Adhesive, Henkel UV-curing, med grade, 25 ml",10,"$1,091.90",https://us.vwr.com/store/product/14123078/loctite-3311-light-cure-adhesive-henkel,https://us.vwr.com/supplier/smallweb/ImageUnavailable.jpg,Description: Ultraviolet light cure medical device adhesive that comes in a syringe.
Adhesives,NA,102092-306,"Kwik-Gard™ Sylgard 184 Silicone, Electron Microscopy Sciences Kwik Gard Refill 2 cartridges and 10 dispensing tips)",1,$351.49,https://us.vwr.com/store/product/12361432/kwik-gardtm-sylgard-184-silicone-electron-microscopy-sciences,https://us.vwr.com/stibo/smallweb/std.lang.all/76/10/11927610.jpg,"Description: The Kwik-Gard™ is specially packaged Sylgard184 silicone that offers a quicker and easier way to apply the silicone, eliminating the messy procedure o..."
Adhesives,NA,102092-304,"Kwik-Gard™ Sylgard 184 Silicone, Electron Microscopy Sciences Kwik Gard Start Up kit ( Dispenser, 1 Cartridge and 5 tips",2,$522.50,https://us.vwr.com/store/product/12361432/kwik-gardtm-sylgard-184-silicone-electron-microscopy-sciences,https://us.vwr.com/stibo/smallweb/std.lang.all/76/10/11927610.jpg,"Description: The Kwik-Gard™ is specially packaged Sylgard184 silicone that offers a quicker and easier way to apply the silicone, eliminating the messy procedure o..."
Adhesives,NA,102092-310,"Kwik-Gard™ Sylgard 184 Silicone, Electron Microscopy Sciences Kwik-Gard Sylgard Dispenser",1,$329.15,https://us.vwr.com/store/product/12361432/kwik-gardtm-sylgard-184-silicone-electron-microscopy-sciences,https://us.vwr.com/stibo/smallweb/std.lang.all/76/10/11927610.jpg,"Description: The Kwik-Gard™ is specially packaged Sylgard184 silicone that offers a quicker and easier way to apply the silicone, eliminating the messy procedure o..."
Adhesives,NA,102092-308,"Kwik-Gard™ Sylgard 184 Silicone, Electron Microscopy Sciences Kwik-Gard Sylgard Dispensing tips",10,$124.62,https://us.vwr.com/store/product/12361432/kwik-gardtm-sylgard-184-silicone-electron-microscopy-sciences,https://us.vwr.com/stibo/smallweb/std.lang.all/76/10/11927610.jpg,"Description: The Kwik-Gard™ is specially packaged Sylgard184 silicone that offers a quicker and easier way to apply the silicone, eliminating the messy procedure o..."
Adhesives,NA,470020-090,Epoxy Cement,1,$52.85,https://us.vwr.com/store/product/8873537/epoxy-cement,https://us.vwr.com/stibo/smallweb/std.lang.all/78/58/10147858.jpg,Description: This is an epoxy cement kit.
Adhesives,NA,82002-796,"PRISM® 411™ Clear Toughened Instant Adhesive, Loctite®, Henkel 20 g (0.7 oz.) bottle",10,$355.59,https://us.vwr.com/store/product/4600820/prism-411tm-clear-toughened-instant-adhesive-loctite-henkel,https://us.vwr.com/stibo/smallweb/std.lang.all/61/99/4906199.jpg,"Description: High-viscosity, toughened ethyl adhesive bonds rubber, plastic, and metal substrates."
